id	partNo	chapterNo	sectionNo	problemNo	examYearRaw	examYears	sourcePage	partTitle	chapterTitle	sectionTitle	questionText	answerText	explanationText	checkStatus	note
doe-p04-c05-s01-q001	4	5	1	1	14	2014	p.217	위험평가절차에 대한 추가감사절차	테스트항목의 범위와 표본감사	테스트항목의 추출범위	회계감사기준에서는 통제테스트와 세부테스트를 설계할 때 테스트 항목의 추출과 관련하여 해당 감사절차의 목적을 충족시키는데 효과적인 방법을 결정하도록 정하고 있다. 이에 따라 동 기준에서는 테스트 항목 추출에 이용가능한 방법으로 (1) 모든 항목의 추출(전수조사), (2) 특정항목의 추출, (3) 표본감사의 3가지 방법을 제시하고 있다.<br>[요구사항]<br>위 세 가지 방법 중에서 (1) 전수조사와 (2) 특정항목의 추출 방법 적용이 적합한 경우를 각각 2개씩 기재하시오.	(1) 전수조사가 적합한 경우(다음 중 2가지)<br>① 모집단이 금액이 큰, 소수의 항목으로 구성되어 있을 때<br>② 유의적 위험이 존재하며 다른 방법으로는 충분하고 적합한 감사증거를 제공하지 못할 때<br>③ 정보시스템에 의해 자동적으로 수행되는 계산이나 기타 처리<br>(2) 특정항목의 추출방법이 적합한 경우(다음 중 2가지)<br>① 금액이 크거나 주요한 항목을 추출하고자 하는 경우<br>② 일정금액 이상의 모든 항목을 추출하고자 하는 경우<br>③ 정보를 입수하기 위한 항목을 추출하고자 하는 경우		CONFIRMED	""
doe-p04-c05-s01-q002	4	5	1	2	14	2014	p.218	위험평가절차에 대한 추가감사절차	테스트항목의 범위와 표본감사	테스트항목의 추출범위	회계감사기준에서는 표본감사 접근법을 통계적 표본감사와 비통계적 표본감사로 분류하고, 2가지 특성을 모두 갖춘 경우에는 통계적 표본감사, 이 특성들을 갖추지 않은 경우에는 비통계적 표본감사라고 정의하고 있다. 통계적·비통계적 표본감사를 구분하는 기준이 되는 2가지 특성을 기재하시오.	통계적·비통계적 표본감사를 구분하는 기준이 되는 2가지 특성은 다음과 같다.<br>① 추출방법: 표본항목을 무작위로 추출함<br>② 결과평가: 표본위험의 측정 등 표본결과의 평가에 확률이론을 적용함		CONFIRMED	""
doe-p04-c05-s02-q001	4	5	2	1	16	2016	p.218	위험평가절차에 대한 추가감사절차	테스트항목의 범위와 표본감사	표본감사와 표본위험	다음의 내용을 읽고 아래의 요구사항에 답하시오.<br>(1) 표본위험이란 표본에 근거한 감사인의 결론이 모집단 전체에 동일한 감사절차를 적용하였을 경우 도달하였을 결론과 다를 수 있는 위험을 의미한다.<br>(2) 표본위험은 제1종오류(α위험)와 제2종오류(β위험)의 두 가지 형태로 구분될 수 있다.<br>[요구사항]<br>(1) 세부테스트를 수행하는 과정에서 발생할 수 있는 두 가지 형태의 표본위험을 설명하고, 이들 감사위험이 감사의 효율성 또는 효과성에 미치는 영향을 서술하시오.<br>(2) 제1종오류(α위험)와 제2종오류(β위험) 중 감사인이 보다 통제하려는 표본위험이 무엇인지를 선택하고, 그 이유를 서술하시오.	(1) 세부테스트에서 발생할 수 있는 표본위험은 부당거부위험과 부당수용위험이다. 부당거부위험이란 실제로 중요한 왜곡표시가 존재하지 않음에도 불구하고 중요한 왜곡표시가 존재한다고 결론을 내리는 위험으로서 감사의 효율성에 영향을 미치며, 부당수용위험이란 실제로 중요한 왜곡표시가 존재함에도 불구하고 중요한 왜곡표시가 존재하지 않는다고 결론을 내리는 위험으로서 감사의 효과성에 영향을 미친다.<br>(2) 제1종오류(α위험)는 감사의 효율성과 관련된 위험으로서 감사원가에 영향을 미치고, 제2종오류(β위험)는 감사의 효과성에 관련된 위험으로서 기대손해배상비용에 영향을 미치는데 기대손해배상비용이 감사원가보다 훨씬 크기 때문에 감사인은 제2종오류(β위험)를 보다 통제하려고 한다.		CONFIRMED	""
doe-p04-c05-s02-q002	4	5	2	2	22	2022	p.219	위험평가절차에 대한 추가감사절차	테스트항목의 범위와 표본감사	표본감사와 표본위험	정보기술의 발달로 외부감사시 전산감사기법을 활용한 전수조사가 확대되는 추세다. 그러나 전수조사를 실시하더라도 적발위험은 완전히 제거되지 않는다. 이처럼 전수조사에도 불구하고 적발위험이 발생할 수 있는 이유(혹은 경우)를 비표본위험과 연계하여 아래의 예시 외에 두 가지를 서술하시오.<br><예시> 감사인의 부주의 또는 전문지식 부족	비표본위험이란 “감사인이 표본위험과 관련이 없는 다른 이유에 의해 잘못된 결론에 도달할 위험”을 말하며, 다음의 이유로 전수조사를 실시하더라도 적발위험은 완전히 제거될 수 없다.<br>① 감사인의 결론도출과 의견표명의 기초가 되는 대부분의 감사증거는 결정적 증거이기 보다 설득적 증거임<br>② 재무보고의 성격(재무제표를 작성할 때에는 경영진의 판단, 주관적인 결정이나 평가 또는 불확실성이 수반됨)<br>③ 감사절차의 성격(감사절차에는 실무적 한계와 법적 한계가 존재함)	회계감사기준에 따르면, 비표본위험은 ① 부적합한 감사절차를 적용하는 경우, ② 감사증거를 잘못 해석하는 경우, ③ 왜곡표시 또는 이탈을 인식하지 못하는 경우가 포함된다고 설명하고 있다(530-A1). 지문의 예시는 이 3가지를 모두 포함하고 있으므로, 출제의도는 감사의 고유한계라고 추정할 수 있다.<br>감사의 고유한계는 위의 답안 외에도 부정적발의 고유한계가 오류발견의 고유한계보다 큰 이유, 특수관계자 거래가 감사의 고유한계를 증가시키는 이유, 및 감사대상회사의 법규위반을 발견하는데 고유한계의 잠재적 영향이 큰 이유 등도 적절한 예시가 될 수 있다.<br>한편, 감사의 고유한계를 일으키는 원인 중 “합리적인 시간내에 합리적인 비용으로 감사가 수행될 필요성(재무보고의 적시성 및 효익과 비용간의 균형)”은 주로 표본감사의 표본위험과 관련된 것이므로 적합한 답안이 될 수 없다.	CONFIRMED	""
doe-p04-c05-s03-q001	4	5	3	1	23	2023	p.220	위험평가절차에 대한 추가감사절차	테스트항목의 범위와 표본감사	통계적 표본감사의 단계별 적용	다음은 감사인이 통제테스트를 수행하기 위한 표본규모를 결정할 때 고려하는 요소이다. 각 요소가 표본규모에 미치는 영향을 ‘증가’, ‘감소’ 또는 ‘영향을 무시할 수 있음’으로 기재하시오.<br>① 모집단의 표본단위 수가 매우 크다.<br>② 표본결과가 사실상 모집단의 실제 이탈을 나타내고 있다는 것에 대하여 감사인이 더 높은 수준의 확신을 요구한다.<br>③ 허용이탈률이 높다.<br>④ 감사인이 위험을 평가할 때 관련 통제의 운영효과성에 대한 의존도가 크다.	① 영향을 무시할 수 있음<br>② 증가<br>③ 감소<br>④ 증가		CONFIRMED	""
doe-p04-c05-s03-q002	4	5	3	2	14	2014	p.220	위험평가절차에 대한 추가감사절차	테스트항목의 범위와 표본감사	통계적 표본감사의 단계별 적용	다음은 감사인이 세부테스트를 수행하기 위한 표본규모를 결정할 때 고려하는 요소들이다.<br>① 감사인은 표본결과가 모집단의 실제 왜곡표시 금액을 나타내고 있다는 것에 대하여 더 높은 수준의 확신을 요구하고 있다.<br>② 감사인은 모집단에서 발견할 것으로 예상하는 왜곡표시금액이 클 것으로 예상하고 있다.<br>③ 감사인은 모집단항목들의 금액크기의 범위가 넓어 모집단을 계층화하였다.<br>④ 감사인은 특정 모집단에 대한 적발위험을 수용가능한 수준까지 감소시키기 위하여 세부테스트나 실증적인 분석절차와 같은 다른 실증절차에 더 많이 의존하고자 한다.<br>[요구사항]<br>위 요소들이 표본규모에 미치는 영향을 ‘증가’ 또는 ‘감소’로 표기하시오.	① 증가<br>② 증가<br>③ 감소<br>④ 감소		CONFIRMED	""
doe-p04-c05-s03-q003	4	5	3	3	20	2020	p.221	위험평가절차에 대한 추가감사절차	테스트항목의 범위와 표본감사	통계적 표본감사의 단계별 적용	다음은 감사인이 표본규모를 결정할 때 고려할 요소이다. 각 요소가 표본규모에 미치는 영향을 기재하시오(‘증가’ 또는 ‘감소’로 답할 것).<br>| 구분 | 요소 | 표본규모에 미치는 영향 |<br>|---|---|---|<br>| ① | 동일한 경영진주장에 대한 다른 실증절차의 적용을 증가시킴 | |<br>| ② | 모집단의 실제 이탈률이 허용이탈률을 초과하지 않을 것이라는 점에 대하여 감사인이 원하는 확신의 수준이 증가함 | |<br>| ③ | 감사인이 위험을 평가할 때 관련 통제의 고려 정도가 증가함 | |<br>| ④ | 모집단에서 감사인이 발견할 것으로 예상하는 왜곡표시금액의 증가 | |	① 감소<br>② 증가<br>③ 증가<br>④ 증가		NEEDS_CHECK	장문/표 포함 항목: 원문 대조 검수 권장
doe-p04-c05-s03-q004	4	5	3	4	17	2017	p.221	위험평가절차에 대한 추가감사절차	테스트항목의 범위와 표본감사	통계적 표본감사의 단계별 적용	표본감사란 감사인이 모집단에 속한 표본단위를 대상으로 하여 추출한 일정 수의 표본항목에 감사절차를 적용하여 전체 모집단의 적절성 여부를 추론하는 방법이다. 다음의 각 요구사항에 답하시오.<br>[요구사항]<br>(1) 감사인은 외부조회를 실시할 때 매출채권 금액별로 계층화한 후, 하위 모집단인 매출채권 잔액에서 특정 금액단위를 표본단위로 선택할 수 있다. 감사인이 이러한 방법으로 여러 개의 하위 모집단을 구분하는 목적을 서술하시오.<br>(2) 감사인은 모집단의 표본단위가 균등하게 추출될 수 있도록 표본추출방법을 설계해야 한다. 모집단이 어떠한 상황일 때 체계적 추출법을 사용할 수 있는지 서술하시오.	(1) 감사인이 모집단을 동일한 특성을 가진 하위 모집단으로 나누어 모집단을 계층화하면 감사의 효율성이 향상될 것이다. 계층화의 목적은 각 계층 내 항목들의 변동성을 감소시키는 것이며, 이 결과 표본위험을 증가시키지 않고 표본규모를 감소시킬 수 있다(530-보론1-1).<br>(2) 모집단의 표본단위에 내재된 특정한 유형이 표본추출간격과 상응하는 방식으로 구성되어 있지 않는 경우에 사용할 수 있는 방법이다.		CONFIRMED	""
doe-p04-c05-s03-q005	4	5	3	5	20	2020	p.222	위험평가절차에 대한 추가감사절차	테스트항목의 범위와 표본감사	통계적 표본감사의 단계별 적용	표본을 추출하는 방법은 통계적 표본추출방법과 비통계적 표본추출방법으로 구분된다. 비통계적 표본추출방법 중 ‘구획추출’ 방법의 개념, 그리고 이 방법이 일반적인 표본감사에서 사용하는 것이 적합하지 않은 이유에 대해 각각 1줄 이내로 서술하시오.	(1) 구획추출방법의 개념: 모집단 내의 이웃하는 항목으로 구성된 하나(또는 복수)의 구획을 선택하는 방법을 말한다.<br>(2) 표본감사에 적합하지 않은 이유: 대부분의 모집단은, 연속된 항목들은 서로 유사한 특성을 가지며 모집단의 다른 부분에 있는 항목들은 다른 특징을 가지도록 구성되어 있어서 표본이 모집단을 대표하지 못하기 때문이다.		CONFIRMED	""
doe-p04-c05-s04-q001	4	5	4	1	15	2015	p.222-223	위험평가절차에 대한 추가감사절차	테스트항목의 범위와 표본감사	통제테스트로서의 속성표본감사	박 회계사는 ABC(주)의 20×1년 감사업무에 참여하고 있다. 박 회계사는 감사팀 매니저회계사로부터 매출액 및 매출채권에 대한 감사업무를 배정받았다. 다음은 박 회계사가 ABC(주)의 매출 관련 통제테스트를 수행하는 과정에서 판단하거나 수행한 절차이다.<br>(1) 박 회계사는 ABC(주)의 내부통제를 이해한 후 매출활동 관련 계정의 중요왜곡표시위험이 낮다는 것을 인지하고, 통제테스트를 수행하는 것이 효율적이라고 판단하였다.<br>(2) 박 회계사는 매출전표에 선적서류 등의 증빙자료가 적절하게 첨부되어 있는지를 확인하기로 하였으며, 이러한 감사절차를 통해 매출거래의 실재성과 발생사실을 검증할 수 있을 것으로 판단하였다.<br>(3) 박 회계사는 통계적 표본감사방법을 이용하여 통제테스트를 수행하기로 하였으며, 포아송분포를 가정한 속성표본감사를 적용하기로 하였다.<br>※ 다음 자료는 (4)부터 (6)까지 관련된 것이다.<br>통제테스트의 대상이 된 매출전표는 모두 5,000건이며, 매출액은 ₩125,000,000이다. 박 회계사는 표본크기를 결정하기 위해 모집단 예상이탈률 2%, 허용이탈률 6%, 신뢰수준 95%를 설정하였다. 이에 따른 표본크기는 125개로 가정한다.<br>(4) 박 회계사는 표본추출간격을 ₩1,000,000(= 매출액 ₩125,000,000/표본크기 125개)로 산출하였으며, 체계적 추출법을 활용하여 125개 표본을 추출하였다.<br>(5) 박 회계사는 125개의 표본에 대해 문서검사와 분석적절차를 수행하였으며, 그 결과 5개의 표본에서 이탈사항을 발견하였다.<br>(6) 박 회계사는 표본이탈률 4%(=5개/125개)가 허용이탈률 6%에 미달하므로 매출관련 계정의 중요왜곡표시위험이 높지 않은 것으로 판단하였다.<br>[요구사항]<br>박 회계사의 판단(또는 이해)이 잘못되었거나 수행한 절차가 적절치 않은 항목 3가지를 지적하고, 그 이유를 서술하시오.	(4) 속성표본감사에서 표본단위는 화폐적단위가 아니라 물리적단위이므로 표본추출간격은 총매출전표 5,000건을 표본크기 125개로 나누어 계산하여야 한다.<br>(5) 통제테스트에서는 질문, 관찰, 검사, 재수행의 감사증거입수방법이 수행되므로 분석적절차를 수행한 것은 적절한 감사증거입수방법에 해당하지 않는다.<br>(6) 표본이탈률은 표본위험이 고려되지 않았으므로 추정이탈상한율을 허용이탈률과 비교하여야 한다.		NEEDS_CHECK	장문/표 포함 항목: 원문 대조 검수 권장
doe-p04-c05-s04-q002	4	5	4	2	16	2016	p.223-224	위험평가절차에 대한 추가감사절차	테스트항목의 범위와 표본감사	통제테스트로서의 속성표본감사	김 회계사는 A(주)의 20×1년 감사업무에 참여하고 있다. 다음은 김 회계사가 A(주)의 매출 및 대금청구활동에 대하여 통제테스트를 수행한 내역이다.<br>김 회계사는 통계적 표본감사를 수행하기로 하고, 구체적으로 ① 속성표본감사방법을 적용하였다. 김 회계사는 A(주)의 매출송장(세금계산서) 발행에 담당부장의 검토와 승인이 적절하게 수행되었는지 여부를 관심속성으로 정의하였으며, 적절한 검토와 승인이 이루어지지 않은 ② 매출송장의 금액이 중요성기준을 초과하는 경우를 이탈사항으로 정의하였다.<br>김 회계사는 20×1년초부터 통제테스트를 수행하는 시점까지 발행된 ③ 모든 매출송장(6,000장)을 모집단으로 설정하였다. 또한 표본규모를 결정하기 위해 표본감사의 신뢰수준을 90%, ④ 모집단의 예상이탈률을 4%, 모집단 허용이탈률을 8%로 설정하였다. 이에 따라 결정된 표본규모는 100개이다. 김 회계사는 A(주)의 매출송장에 일련번호가 부여되어 있지 않은 관계로 ⑤ 임의추출법에 따라 100개의 표본을 추출하였다.<br>김 회계사는 ⑥ 표본에 대해 질문과 문서검사를 수행한 결과, 5개의 표본에서 담당부장의 승인이 누락되어 있음을 발견하였다. 또한 2개의 표본에서는 담당부장의 승인이 있었으나 매출송장상의 수량이 적송서류(거래명세서)와 일치하지 않는 것을 발견하였다. 이에 김 회계사는 ⑦ 표본이탈률을 7%(=(5개+2개)/100개)로 계산하였다. 또한 표본이탈률에 ⑧ 표본위험 허용치를 가산하여 모집단 투영이탈률을 계산하였다. 이렇게 산출된 수치는 모집단 허용이탈률을 초과하므로 김 회계사는 매출 및 대금청구활동의 통제위험이 높은 것으로 판단하였다.<br>[요구사항]<br>밑줄 친 ①~⑧의 내용 중에서 적절치 않은 내용이나 표현 세 가지를 지적하고, 그 이유를 서술하시오. 단, ①~⑧에 포함된 오류내용과 관계없이 다른 문장이나 표현은 오류가 없는 것으로 가정한다.	② 통제테스트는 해당 통제가 효과적인지 여부를 판단하는 것이므로 이탈사항은 매출송장의 금액이 아니라 검토와 승인절차가 누락되거나 효과적이지 않은 경우로 정의되어야 한다.<br>⑤ 임의추출법은 비통계적 표본추출법이기 때문에 통계적 표본감사인 속성표본감사에서는 사용할 수 없다.<br>⑧ 표본이탈률은 모집단에 투영하지 않기 때문에 표본이탈률이 곧 모집단 전체의 투영이탈률이며, 표본이탈률에 표본위험허용치를 가산한 것은 추정이탈상한율이 된다.		NEEDS_CHECK	장문/표 포함 항목: 원문 대조 검수 권장
doe-p04-c05-s04-q003	4	5	4	3	18	2018	p.224-225	위험평가절차에 대한 추가감사절차	테스트항목의 범위와 표본감사	통제테스트로서의 속성표본감사	김 회계사는 매출거래 내부통제의 효과성을 검증하기 위해 통계적 표본감사 중 속성표본감사(attributes sampling)를 적용하였다. 다음은 김 회계사가 수행한 감사업무의 내용이다.<br>| 번호 | 수행한 감사업무 |<br>|---|---|<br>| ① | 고객주문서에 기재된 수량대로 올바르게 출고되고 있는지를 확인하기 위하여 출고지시서를 표본단위로 결정하였다. |<br>| ② | 관련 통제에 대한 감사인의 이해를 근거로 예상이탈률을 평가하였다. |<br>| ③ | 표본규모를 결정할 때 과소신뢰위험(α위험)은 무시하고 과대신뢰위험(β위험)만 고려하였다. |<br>| ④ | 매출거래는 연속되고 서로 유사한 특성을 가지고 있어 2월과 11월의 모든 거래를 추출하는 구획추출(block sampling)로 표본을 선택하였다. |<br>| ⑤ | 추출항목을 대상으로 감사절차나 대체적인 절차를 적용해도 통제의 존재를 확인할 수 없어 해당 항목을 이탈로 분류하였다. |<br>| ⑥ | 표본이탈률에 명시적인 투영을 반영하여 모집단 전체의 투영이탈률을 계산하고, 해당 통제의 운영효과성에 대한 판단을 내렸다. |<br>| ⑦ | 최초 평가와는 달리 예상보다 표본이탈률이 높은 것으로 판단되어 감사인은 최초에 평가한 중요왜곡표시위험을 증가시켰다. |<br>[요구사항]<br>김 회계사가 수행한 감사업무 중에 가장 적절하지 않은 항목 세 가지를 지적하고, 그 이유를 서술하시오.	① 고객주문서의 수량이 올바르게 출고되고 있는지를 확인하는 것이므로 고객주문서를 모집단으로 하여 표본을 추출한 뒤 표본으로 추출된 고객주문서의 수량과 해당 주문의 출고지시서의 수량을 대조하여야 한다.<br>④ 구획추출법은 속성표본감사와 같은 통계적 표본감사에 적용할 수 없는 표본추출방법이다.<br>⑥ 표본이탈률은 모집단에 투영하지 않기 때문에 표본이탈률이 곧 모집단이탈률이 된다.		NEEDS_CHECK	장문/표 포함 항목: 원문 대조 검수 권장
doe-p04-c05-s05-q001	4	5	5	1	17	2017	p.225-226	위험평가절차에 대한 추가감사절차	테스트항목의 범위와 표본감사	세부테스트로서의 금액비례확률표본감사	감사인은 매출채권 계정잔액의 실재성을 검증하기 위하여 금액단위표본감사(Monetary Unit Sampling: MUS) 또는 금액가중확률 표본감사(Probability Proportional to Size Sampling: PPS)를 적용하여 통계적 표본감사를 수행하였다. 다음은 매출채권 계정과 관련하여 감사인이 수행한 감사절차이다.<br>1. 감사목표의 결정<br>외부조회를 수행하여 매출채권 계정잔액의 실재성을 검증한다. 이를 위하여 ① 거래증빙에서 표본을 추출하여 매출채권 원장에 반영되었는지를 확인하고, 매출채권 계정잔액에서 표본을 추출하여 외부조회를 실시한다.<br>2. 모집단과 표본단위의 결정<br>② 매출채권 장부잔액인 ₩4,000,000을 모집단으로 결정하고, 표본단위는 화폐단위(₩1)로 결정하여 ③ 모든 거래처가 표본으로 추출될 확률이 동일하도록 설계하였다.<br>3. 표본규모의 결정<br>④ 신뢰계수표를 이용하여 표본규모를 계산하기 위하여 부당수용위험(β위험), 부당기각위험(α위험), 모집단의 예상왜곡표시액과 장부금액, 확장계수, 허용왜곡표시액을 고려하였다. 표본규모는 200개로 결정하였다.<br>4. 표본추출방법의 선택<br>⑤ 거래처별 매출채권 기말잔액을 누계한 다음 누적금액을 모집단으로 하여 표본을 체계적추출법으로 추출하였다. ⑥ 표본간격은 ₩20,000(모집단 장부금액÷표본규모)으로 계산하였으며, ⑦ 임의의 출발점을 선택하여 이로부터 표본추출 간격대로 누적금액에서 표본을 추출하였다.<br>5. 감사절차의 수행<br>외부조회를 통해 확인한 금액과 기업의 장부금액 간에 차이가 나는 항목은 다음과 같다.<br>| 항목 | 내용 |<br>|---|---|<br>| 항목 1 | ⑧ 거래처(조회대상자)는 확인기준일 전에 지급하였으나 갑(주)는 확인기준일 직후 회수한 사실을 알게 되었다. 감사인은 동 항목을 왜곡표시로 보지 않았다. |<br>| 항목 2 | ⑨ 적극적 확인요청에 대한 회신이 없었던 항목에 대해서 후속입금의 일치와 입금거래를 조사하여 잔액을 확인하였다. 감사인은 동 항목을 왜곡표시로 보지 않았다. |<br>6. 표본감사결과의 평가<br>신뢰계수를 이용하여 모집단 투영왜곡표시 상한액을 계산하였다. 투영왜곡표시상한액은 투영왜곡표시액을 구한 후 표본위험의 허용치를 가산하여 추정하였다.<br>[요구사항]<br>위 ①~⑨ 중에서, 감사인이 금액단위표본감사를 잘못 적용한 세 개의 번호를 골라 그렇게 판단한 이유를 함께 서술하시오.	① 매출채권의 실재성을 확인하기 위해서는, 거래증빙이 아니라 매출채권의 보조부장부를 모집단으로 하여 표본을 추출한 뒤 거래증빙과 비교하여야 한다.<br>③ 금액단위표본감사에서는 금액이 클수록 표본으로 추출될 확률이 높아지므로 모든 거래처가 표본으로 추출될 확률이 동일하도록 설계하였다는 것은 잘못된 것이다.<br>④ 금액단위표본감사에서는 부당수용위험만 고려하므로, 부당기각위험도 고려하였다는 것은 잘못된 것이다.		NEEDS_CHECK	장문/표 포함 항목: 원문 대조 검수 권장
doe-p04-c05-s05-q002	4	5	5	2	15	2015	p.227	위험평가절차에 대한 추가감사절차	테스트항목의 범위와 표본감사	세부테스트로서의 금액비례확률표본감사	박 회계사는 발견된 왜곡표시의 발생원인을 조사하는 과정에서, 해당 오류가 회계부서 담당직원의 휴가기간에 대체인력이 처리한 거래에서 집중적으로 발생한 사실을 알게 되었다. 이러한 상황에서 박 회계사가 수행해야 할 추가감사절차를 서술하시오.	회계부서 담당직원의 휴가기간 중에 대체인력이 처리한 거래에서 집중적으로 오류가 발생하였으므로, 대체인력이 처리한 거래에 대하여 감사절차를 확대하기로 결정하거나 전수조사를 하여야 한다.	회계감사기준에서는 다음과 같이 “감사절차를 확대하기로 결정할 수 있을 것이다”라고 규정하고 있지만, 이 상황은 전수조사가 필요한 상황 중 “유의적 위험이 존재하며 다른 방법으로는 충분하고 적합한 감사증거를 제공하지 못할 때”와도 관련성이 있으므로 “전수조사를 하여야 한다”는 표현을 기재하면 더 논리적인 답안이 될 수 있다.<br>[회계감사기준 530-A17]<br>감사인은 식별된 이탈과 왜곡표시를 분석할 때, 예를 들어 거래의 형태, 장소, 제품라인 혹은 시기 등에 있어 대부분 어떤 공통된 특징을 갖고 있는 것을 관찰할 수도 있을 것이다. 이 경우 감사인은 모집단에서 해당 공통된 특징을 가지고 있는 모든 항목을 식별하여 이에 대하여 감사절차를 확대하기로 결정할 수 있을 것이다. 뿐만 아니라 이와 같은 종류의 이탈과 왜곡표시는 의도적인 것일 수 있고 따라서 부정의 가능성을 나타내는 것일 수도 있다.	CONFIRMED	""
doe-p04-c05-s05-q003	4	5	5	3	17	2017	p.227	위험평가절차에 대한 추가감사절차	테스트항목의 범위와 표본감사	세부테스트로서의 금액비례확률표본감사	다음은 실증감사절차에 대한 상황 설명이다.<br>감사인은 매출채권의 실재성을 확인하기 위하여 감사절차를 수행하던 중 변이(anomaly)로 밝혀진 왜곡표시를 발견하였다. 감사인은 이러한 변이를 경영진에게 수정·요구하였으나, 경영진은 수정을 거부하였다.<br>[요구사항]<br>위 상황에서 모집단의 수용여부를 결정할 때, 감사인이 발견한 변이를 어떻게 처리할지 서술하시오.	변이인 왜곡표시는 모집단에 투영하지 않으므로 모집단에 투영된 변이 외의 왜곡표시와 변이 왜곡표시를 합한 금액을 모집단과 비교하여 모집단의 수용여부를 결정하여야 한다.	위 문제는 표본위험의 허용치를 반영해야 하는지에 대한 명확한 요구사항이 없어서 다양한 답안이 가능하지만, 출제의도가 ‘변이인 왜곡표시는 투영하지 않는다.’는 것이므로 이 내용은 반드시 답안에 포함되어야 한다.<br>참고로 회계감사기준(530-A19)에서는 “특정의 왜곡표시가 변이로 밝혀진 경우에는 왜곡표시를 모집단으로 투영할 때 이 왜곡표시는 제외될 것이다. 그렇지만, 변이로 밝혀진 왜곡표시가 수정되지 않는 경우에는, 변이가 아닌 왜곡표시의 투영값에 가산하여 그 왜곡표시의 효과를 고려할 필요가 있을 것이다”라고 하고 있다.	CONFIRMED	""
doe-p04-c05-s05-q004	4	5	5	4	24	2024	p.228-229	위험평가절차에 대한 추가감사절차	테스트항목의 범위와 표본감사	세부테스트로서의 금액비례확률표본감사	한국회계법인의 정나라 회계사는 (주)대한의 매출채권 실재성에 대한 감사절차를 수행하고 있다.<br>• 정나라 회계사는 매출채권 실재성과 관련된 중요왜곡표시위험을 식별하고 평가하였으며, 이에 대응하는 실증절차로 매출채권에 대한 외부조회를 실시하기로 하였다.<br>• 외부조회 대상을 선정하기 위해, 정나라 회계사는 (주)대한이 회계시스템을 통해 생성한 결산일 현재 거래처별 매출채권 잔액명세서를 입수하였다.<br>• 매출채권 잔액명세서의 합계금액은 300,000,000원이며, 허용왜곡표시금액은 12,000,000원이다.<br>• 정나라 회계사는 허용왜곡표시금액의 75% 이상인 항목 4개(합계액: 60,000,000원)와 금액비례확률 표본감사(PPS: Probability Proportional to size Sampling) 방법을 이용한 표본을 추출하였다.<br>• 부당수용위험: 5%<br>| 과대계상 오류의 수 | 0 | 1 | 2 | 3 | 4 |<br>|---|---:|---:|---:|---:|---:|<br>| 신뢰계수 | 3.00 | 4.75 | 6.30 | 7.76 | 9.16 |<br>• 정나라 회계사가 매출채권 테스트 항목에 대해 적극적 조회를 수행한 결과 다음 차이가 발견되었다.<br>| 항목 | 장부금액 | 회신금액 | 차이 |<br>|---|---:|---:|---:|<br>| ① | 12,000,000 | 10,000,000 | 2,000,000 |<br>| ② | 3,000,000 | 미회신 | 3,000,000 |<br>| ③ | 400,000 | 300,000 | 100,000 |<br>| ④ | 300,000 | 미회신 | 300,000 |<br>[요구사항]<br>(1) 감사인이 거래처별 매출채권 잔액명세서 같은 ‘기업이 생산한 정보’를 이용할 때, 그 정보의 신뢰성을 평가하기 위해 수행해야 하는 절차 두 가지를 기재하시오.<br>(2) 정나라 회계사가 추출한 표본 개수와 표본간격을 계산하시오.<br>(3) 위의 차이 항목에 대해 정나라 회계사가 수행한 다음의 절차 중 적절하지 않은 것을 모두 찾아 그 이유를 2줄 이내로 함께 서술하시오.<br>① 매출채권이 오류로 기록된 것을 확인하였고, 해당 왜곡표시금액을 모집단에 투영하였다.<br>② 해당 매출채권은 매출송장 100건으로 구성되어 있다. 대체적 절차로 해당 매출송장금액 합계가 매출채권 잔액과 일치함을 확인하고, 매출송장 중 일부를 표본추출하여 매출 발생사실과 결산일 이후 현금 입금 사실을 확인하였다. 따라서 장부금액이 왜곡표시되지 않은 것으로 판단하였다.<br>③ 변이에 따른 차이금액임을 확인하였고, 해당 왜곡표시금액을 모집단에 투영하지 않았다.<br>④ 대체적 절차로 결산일 이후 전액 입금된 사실을 확인하였다. 따라서 장부금액이 왜곡표시되지 않은 것으로 판단하였다.	(1)<br>① 해당 정보의 정확성과 완전성에 대한 감사증거를 입수함<br>② 정보가 감사인의 목적을 위해 충분히 정확하고 자세한지 여부를 파악함<br>(2)<br>① 특정항목의 추출이 적용된 장부가액: 60,000,000<br>② 표본감사 적용대상 장부가액: 300,000,000 - 60,000,000 = 240,000,000<br>③ 표본 개수 = 240,000,000 × 3 / 12,000,000 = 60(개)<br>④ 표본 간격 = 240,000,000 / 60 = 4,000,000(원)<br>(3)<br>① 해당 항목의 장부가액은 9,000,000원(=12,000,000×75%) 이상으로서 특정항목의 추출방법이 적용되었다. 특정항목의 추출방법에서는 표본으로 추출된 항목이 모집단을 대표하지 못하므로 모집단으로 투영하지 않는다.<br>② 해당 금액은 표본감사가 적용되어 그 일부로서 표본으로 추출된 것이므로, 매출송장 전체에 대해 매출 발생사실과 결산일 이후 현금 입금 사실을 확인하여야 한다.		NEEDS_CHECK	장문/표 포함 항목: 원문 대조 검수 권장
doe-p04-c05-s05-q005	4	5	5	5	16	2016	p.229-230	위험평가절차에 대한 추가감사절차	테스트항목의 범위와 표본감사	세부테스트로서의 금액비례확률표본감사	박 회계사는 B(주)의 20×1년 감사업무에 참여하고 있다. 박 회계사는 20×1년말 현재 매출채권 장부금액의 실재성을 확인하고자 통계적인 표본감사방법을 사용하였다. 박 회계사는 무작위추출법을 통해 25개 표본을 추출하고, 이들 거래처에 적극적 조회서를 발송하였다.<br>박 회계사가 발송한 25개 조회서는 모두 회신되었으나, 이 중 4개의 표본은 장부금액(조회금액)과 회신금액이 일치하지 않았다. 다음은 박 회계사가 금액차이를 검토한 내역이다.<br><차이내역><br>| 거래처 | 장부금액 | 회신금액 | 차이금액 |<br>|---|---:|---:|---:|<br>| ① 갑(주) | ₩5,000 | ₩0 | ₩5,000 |<br>| ② 을(주) | 10,000 | 16,000 | (6,000) |<br>| ③ 병(주) | 15,000 | 0 | 15,000 |<br>| ④ 정(주) | 20,000 | 18,000 | 2,000 |<br>| 합계 | ₩50,000 | ₩34,000 | ₩16,000 |<br><차이금액의 검토결과><br>① 갑(주): 갑(주)는 조회기준일 전에 수표를 우편으로 발송하였고, B(주)는 조회기준일 후에 이를 수령하였다.<br>② 을(주): 변이(anomaly)로 판단되는 차이금액이며, B(주) 경영진은 장부금액을 수정하였다.<br>③ 병(주): 변이로 판단되는 차이금액이며, B(주) 경영진은 장부금액 수정을 거부하였다.<br>④ 정(주): 원인불명의 소액차이로서, B(주)의 경영진은 해당 장부금액을 수정하였다.<br>[요구사항]<br>(1) 박 회계사가 표본에서 발견한 왜곡표시금액을 계산하시오(계산근거를 함께 제시하시오).<br>(2) 감사인은 왜곡표시규모에 대한 개별적 관점을 얻기 위해 왜곡표시를 모집단으로 투영하여야 한다. 위 차이금액에 대하여 모집단 투영여부를 판단하고, 그 이유를 [답안양식]에 따라 서술하시오.<br>[답안양식]<br>| 거래처 | 차이금액 | 투영여부(O 또는 X) | 이유 |<br>|---|---:|---|---|<br>| ① 갑(주) | ₩5,000 | | |<br>| ② 을(주) | (6,000) | | |<br>| ③ 병(주) | 15,000 | | |<br>| ④ 정(주) | 2,000 | | |	(1) ①은 왜곡표시에 해당하지 않으므로 ②~④의 왜곡표시의 합계가 발견된 왜곡표시금액이 된다. 다만, ②의 왜곡표시금액은 과소계상이므로 순액으로 계산할 경우 발견된 왜곡표시금액은 ₩11,000(=(6,000)+15,000+2,000)이 되고, 절대값으로 계산할 경우 ₩23,000(=6,000+15,000+2,000)이 된다.<br>(2)<br>| 거래처 | 차이금액 | 투영여부 | 이유 |<br>|---|---:|---|---|<br>| ① 갑(주) | ₩5,000 | X | 우편발송으로 인하여 시차가 발생한 것으로서 왜곡표시에 해당하지 않기 때문이다. |<br>| ② 을(주) | (6,000) | X | 변이인 왜곡표시는 반복해서 발생하지 않을 것으로 결정된 것이므로 모집단에 투영하지 않는다. |<br>| ③ 병(주) | 15,000 | X | 변이인 왜곡표시는 반복해서 발생하지 않을 것으로 결정된 것이므로 모집단에 투영하지 않는다. |<br>| ④ 정(주) | 2,000 | O | 변이에 해당하지 않는 왜곡표시이므로 모집단에 투영하여야 한다. |		NEEDS_CHECK	장문/표 포함 항목: 원문 대조 검수 권장
doe-p04-c05-s05-q006	4	5	5	6	15	2015	p.231-232	위험평가절차에 대한 추가감사절차	테스트항목의 범위와 표본감사	세부테스트로서의 금액비례확률표본감사	박 회계사는 20×1년말 매출채권 잔액의 실재성을 확인하기 위해 금액가중확률표본감사(PPS: probability proportional to size sampling)를 수행하였으며, 세부내역은 다음과 같다.<br>(1) 매출채권 장부금액: ₩25,000,000<br>(2) 부당수용위험: 5%<br>| 과대계상 오류의 수 | 0 | 1 | 2 | 3 | 4 |<br>|---|---:|---:|---:|---:|---:|<br>| 신뢰계수 | 3.00 | 4.75 | 6.30 | 7.76 | 9.16 |<br>(3) 허용왜곡표시액(허용오류액): ₩1,000,000<br>(4) 표본크기: 125개<br>(5) 발견된 왜곡표시<br>| 거래처 | 장부금액 | 감사금액 | 왜곡표시금액 |<br>|---|---:|---:|---:|<br>| A | ₩500,000 | ₩400,000 | ₩100,000 |<br>| B | 150,000 | 105,000 | 45,000 |<br>| C | 50,000 | 45,000 | 5,000 |<br>[요구사항]<br>상기 자료를 이용하여 (1) 매출채권의 추정왜곡표시상한액(추정오류상한액)을 산출하고, (2) 감사인의 판단(매출채권 장부금액의 적정하다는 것을 수용 또는 기각)과 그 근거를 서술하시오. 단, 추정왜곡표시상한액(추정오류상한액)은 [답안양식]에 따라 추정왜곡표시액(추정오류액)과 표본위험의 허용치로 구분하여 산출하시오.<br>[답안양식]<br>(1) 추정왜곡표시상한액(추정오류상한액)<br>| 구분 | 금액 |<br>|---|---:|<br>| 추정왜곡표시액(추정오류액) | ① |<br>| 표본위험의 허용치 | ② |<br>(2) 감사인의 판단<br>| 감사인의 판단 | 판단 근거 |<br>|---|---|<br>| 수용 또는 기각 | |	(1)<br>① 추정왜곡표시액<br>| 거래처명 | 표본추출가격비교 | 표본추출간격 | 왜곡표시율 | 투영왜곡표시 |<br>|---|---|---:|---:|---:|<br>| A | 이상 | - | - | ₩100,000 |<br>| B | 미만 | ₩200,000 | 30% | 60,000 |<br>| C | 미만 | 200,000 | 10% | 20,000 |<br>| 합계 | | | | ₩180,000 |<br>¹ 표본추출간격(SI) = ₩25,000,000 / 125개 = ₩200,000/개<br>② 표본위험의 허용치: ₩600,000 + ₩56,000 = ₩656,000<br>㉠ 기본정도: ₩200,000 × 3(최초신뢰계수) = ₩600,000<br>㉡ 증분허용치: ₩56,000<br>| 거래처명 | 표본추출가격 | 왜곡표시율 | 증분신뢰계수 - 1 | 증분허용치 |<br>|---|---:|---:|---:|---:|<br>| B | ₩200,000 | 30% | (4.75 - 3.00) - 1 = 0.75 | ₩45,000 |<br>| C | 200,000 | 10% | (6.30 - 4.75) - 1 = 0.55 | 11,000 |<br>| 합계 | | | | ₩56,000 |<br>(2) 모집단추정왜곡표시상한액은 ₩836,000(=180,000+656,000)으로서 허용오류액 ₩1,000,000보다 작으므로 해당 모집단을 수용한다.	요구사항(1)의 추정왜곡표시액은 모집단투영왜곡표시를 말하며, 추정왜곡표시상한액은 다음과 같은 별해로 간단하게 계산할 수도 있다.<br>[별해] UM = SI이상 표본의 왜곡표시 + SI × {최초RF + Σ(△RF × 항목당 오류율)}<br>(∴) UM = ₩100,000 + ₩200,000 × {3 + (1.75×30% + 1.55×10%)} = ₩836,000	NEEDS_CHECK	장문/표 포함 항목: 원문 대조 검수 권장
doe-p04-c05-s05-q007	4	5	5	7	23	2023	p.232-234	위험평가절차에 대한 추가감사절차	테스트항목의 범위와 표본감사	세부테스트로서의 금액비례확률표본감사	(1) 다음 자료를 이용하여 매출채권 실재성을 확인하기 위해 테스트할 항목의 수와 표본간격을 계산하시오.<br>• 김 회계사는 (주)A의 매출채권 실재성을 확인하기 위해 테스트할 항목을 선정하고 있다.<br>• 김 회계사는 위험평가단계에서 매출채권 실재성에 유의적 위험을 식별하였기 때문에 허용오류액의 50% 금액 이상인 항목(특정 항목)은 모두 테스트하기로 하였다.<br>• 김 회계사는 잔여 모집단에 대해 금액가중확률 표본감사방법(PPS: probability proportional to size sampling)을 이용하기로 하였다.<br>추가자료:<br>(1) 매출채권 장부금액: 250,000,000원<br>(2) 부당수용위험: 5%<br>| 과대계상 오류의 수 | 0 | 1 | 2 | 3 | 4 |<br>|---|---:|---:|---:|---:|---:|<br>| 신뢰계수 | 3.00 | 4.75 | 6.30 | 7.76 | 9.16 |<br>(3) 허용오류액: 12,000,000원<br>(4) 특정 항목 수: 3개<br>(5) 특정 항목의 합계액: 50,000,000원<br>(2) (1)에서 계산한 표본간격이 3,000,000원이라고 가정한다. 다음 추가자료를 이용하여 1) 추정오류상한액을 구하고, 2) 매출채권 조회절차가 매출채권 실재성에 대한 결론을 내리는 데 합리적인 근거를 제공하는지 여부를 기재하고 3) 그 이유를 서술하시오.<br>김 회계사가 테스트한 매출채권 항목에 대해 적극적 조회를 수행한 결과 다음과 같은 왜곡표시가 발견되었다. 이 중 변이는 없다고 가정한다.<br>| 거래처 | 장부금액 | 감사금액 | 왜곡표시금액 |<br>|---|---:|---:|---:|<br>| 갑 | 15,000,000 | 12,000,000 | 3,000,000 |<br>| 을 | 2,000,000 | 1,900,000 | 100,000 |<br>| 병 | 1,000,000 | 800,000 | 200,000 |	(1) 테스트할 항목의 수와 표본추출간격<br>1) 테스트할 항목의 수: ① + ② = 3개 + 50개 = 53개<br>① 특정 항목 수: 3개<br>② 특정항목을 제외한 표본규모 = BV × RF / {TM - (EM × EF)}<br>= (250,000,000 - 50,000,000) × 3 / {12,000,000 - (0 × 1.6)} = 50개<br>2) 표본추출간격: 200,000,000 ÷ 50개 = 4,000,000원<br>(2)<br>1) 추정오류상한액: 13,282,500원<br>2) 합리적인 근거를 제공하는가?: 아니오<br>3) 이유: 추정오류상한액이 허용오류액인 12,000,000원을 초과하기 때문이다.	추정오류상한액은 다음과 같이 원칙에 따라 세부적으로 계산할 수도 있고, 별해로 계산할 수도 있다.<br>(1) 원칙: 1) + 2) + 3) = 13,282,500원<br>1) 모집단추정오류액(PM): 3,000,000 + 3,000,000 × (5%+20%) = 3,750,000원<br>2) 기본정도: 3,000,000 × 3 = 9,000,000원<br>3) 증분위험 허용치: 3,000,000 × (0.75×20% + 0.55×5%) = 532,500원<br>(2) 별해: 3,000,000 + 3,000,000 × (3 + 1.75×20% + 1.55×5%) = 13,282,500원	NEEDS_CHECK	장문/표 포함 항목: 원문 대조 검수 권장
doe-p04-c05-s05-q008	4	5	5	8	22	2022	p.234-236	위험평가절차에 대한 추가감사절차	테스트항목의 범위와 표본감사	세부테스트로서의 금액비례확률표본감사	A회계법인의 나잘해 회계사는 매출채권의 실재성에 대한 감사절차를 수행하고 있다. 나잘해 회계사는 매출채권의 실재성 관련 중요왜곡표시위험을 식별 및 평가하였으며, 이에 대응하는 감사절차로서 회사의 매출채권에 대한 외부조회를 실시하기로 하였다. 나잘해 회계사는 총 50개의 거래처를 외부조회 대상으로 선정하고, 조회서 발송을 위하여 회사담당자로부터 50개 거래처에 대한 외부조회목록표를 입수하였으며, 외부조회절차 및 그 수행결과는 다음과 같았다.<br>(1) 나잘해 회계사는 A회계법인의 통계적 표본추출 프로그램을 이용하여 표본을 추출하였으며, 직접 조회서를 발송하였다.<br>(2) 매출채권 잔액명세서의 합계금액은 4,000,000원이며, 감사인의 수행중요성 금액은 60,000원이다.<br>(3) 나잘해 회계사는 수행중요성 금액을 허용왜곡표시금액으로 결정하였다.<br>(4) 발송한 조회서 중 45개는 감사인이 직접 원본을 회수하고, 3개는 회사를 통해 원본을 회수하였으며, 나머지 2개는 미회수되었다.<br>[조회서 회수 및 차이내역]<br>| 항목 | 회수결과 | 개수 | 명세서상금액 | 확인금액 | 차이 |<br>|---|---|---:|---:|---:|---:|<br>| ① | 감사인 회수 | 43 | 500,000 | 500,000 | - |<br>| ② | 감사인 회수 | 1 | 25,000 | 20,000 | 5,000 |<br>| ③ | 감사인 회수 | 1 | 20,000 | 19,000 | 1,000 |<br>| ④ | 회사 회수 | 3 | 45,000 | 45,000 | - |<br>| ⑤ | 미회수 | 1 | 6,000 | 6,000 | - |<br>| ⑥ | 미회수 | 1 | 4,000 | 4,000 | - |<br>| 합계 | | 50 | 600,000 | 594,000 | 6,000 |<br>[요구사항]<br>(1) 위의 [조회서 회수 및 차이내역]과 관련하여 나잘해 회계사가 수행한 다음 항목 중 잘못된 절차를 모두 골라 그 이유와 함께 서술하시오.<br>② 회사의 오류로 인한 차이임을 확인하였다. 나잘해 회계사는 해당 오류 금액이 명백히 사소한 금액을 초과한다는 것을 확인하고, 표본감사 평가시 해당 차이를 고려하기로 하였다.<br>③ 회사의 오류로 인한 차이임을 확인하였다. 나잘해 회계사는 해당 오류 금액이 명백히 사소하다는 것을 확인하고, 표본감사 평가시 해당 차이를 고려하지 않기로 하였다.<br>④ 해당 거래처들은 전기 감사시 조회서가 회수되지 않아, 회사 및 감사인 모두 대체적절차를 수행하느라 상당한 시간을 투입하였다. 나잘해 회계사는 당기 효율적인 감사 수행을 위해서, 회사의 영업담당자들로 하여금 직접 거래처를 방문하여 조회서를 회수해 줄 것을 회사에 요청하였다.<br>⑤ 미회수 채권 6,000원에 대해, 대체적절차로 거래상대방의 인수증으로 발생사실을 확인하고 결산일 이후 감사보고서일 전에 현금 6,000원이 입금된 사실을 확인하였다.<br>⑥ 미회수 채권 4,000원에 대해, 대체적절차로 회사가 동 채권에 대하여 100% 대손충당금을 설정하고 있음을 관련 증빙을 통해 확인하였다.<br>(2) 나잘해 회계사는 표본감사 결과를 평가하려고 한다. 조회서상 차이금액(항목 ②, ③)은 변이가 아니었다. 다음 요구사항별로 답하시오.<br>1) 모집단에 투영된 왜곡표시금액(추정왜곡표시금액)을 구하시오.<br>2) 위 1)에서 계산된 ‘모집단에 투영된 왜곡표시금액’을 18,000원으로 가정하여, 표본위험의 허용치가 각각 ① 35,000원, ② 45,000원, ③ 55,000원인 상황별로 표본감사 결과를 통해 (1) 충분하고 적합한 감사증거를 획득하였는지 여부를 평가하고, (2) 평가 근거를 ‘추정왜곡표시상한액’과 ‘허용왜곡표시금액’을 비교하여 서술하시오. 한편, 감사인은 발견된 왜곡표시금액을 수정권고하였으며, 경영진은 이를 수용하였다.<br>(3) 나잘해 회계사는 ‘표본감사 결과가 모집단에 관한 결론에 합리적인 근거를 제공하지 못한다’는 결론을 얻었다. 감사현장책임자는 나잘해 회계사에게 후속 절차의 수행을 지시하였다. 나잘해 회계사가 취할 수 있는 절차 두 가지를 서술하시오.	(1)<br>③ 거래처별 왜곡표시는 명백하게 사소한 금액이라고 할지라도 그 합계나 투영된 왜곡표시는 명백하게 사소한 금액이 아닐 수 있으므로, 명백하게 사소한 왜곡표시는 계정과목별로 판단하여야 한다. 따라서 거래처별로 명백하게 사소한 금액도 모집단에 투영하여 표본감사 평가시 해당 차이를 고려해야 한다.<br>④ 회사를 통해서 간접적으로 조회서를 회수하게 되면, 변조 등의 위험이 있으므로 감사인이 직접 조회처로부터 회신받아야 한다.<br>(2)<br>1) ① 표본추출간격 = ₩4,000,000 / 50개 = ₩80,000<br>② 모집단투영왜곡표시<br>| 왜곡표시 거래처 | 표본추출간격비교 | 표본추출간격 | 왜곡표시율 | 투영왜곡표시 |<br>|---|---|---:|---:|---:|<br>| ② 관련 | 미만 | 80,000 | 20% | 16,000 |<br>| ③ 관련 | 미만 | 80,000 | 5% | 4,000 |<br>| 합계 | | | | ₩20,000 |<br>2)<br>① 35,000원: 여. 왜냐하면, 추정왜곡표시상한액은 53,000원으로서 허용왜곡표시금액 60,000원에 미달하기 때문이다.<br>② 45,000원: 부. 왜냐하면, 추정왜곡표시상한액은 63,000원으로서 허용왜곡표시금액 60,000원을 초과하기 때문이다.<br>③ 55,000원: 부. 왜냐하면, 추정왜곡표시상한액은 73,000원으로서 허용왜곡표시금액 60,000원을 초과하기 때문이다.<br>(3) 나잘해 회계사가 취할 수 있는 두 가지 절차는 다음과 같다.<br>① 경영진에게 식별된 왜곡표시 및 잠재적인 추가왜곡표시에 대하여 조사를 수행하고 필요한 수정을 하도록 요구함<br>② 요구되는 확신을 가장 잘 달성할 수 있도록 추가감사절차의 성격, 시기 및 범위를 조정함	(2)의 1) 관련<br>지문에는 나잘해 회계사가 사용한 변량표본감사방법이 무엇인지 언급되어 있지 않다. 전통적 변량표본감사의 방법을 적용하기 위해서는 모집단의 집중정도를 평균추정법, 비율추정법, 차이추정법 중 어떤 것으로 적용할 것인지 주어져야 하는데 그와 관련된 내용이 없다. 반면에, 금액비례확률표본감사의 경우 모집단장부금액과 표본의 크기만 있으면 표본추출간격을 계산해서 투영된 왜곡표시금액을 구할 수 있으므로 이 문제는 금액비례확률표본감사를 전제로 한 것이라는 것을 추정할 수 있다.<br>(2)의 2) 관련<br>회계감사기준은 “투영된 왜곡표시와 변이왜곡표시를 합한 것이 허용왜곡표시를 초과한다면, 표본은 테스트된 모집단에 관한 결론에 합리적인 근거를 제공하지 못한다(530-A22).”라고 하고 있다. 따라서 경영진이 감사인의 발견된 왜곡표시금액의 수정요구를 수용하였는지 여부는 영향을 미치지 않는다.	NEEDS_CHECK	장문/표 포함 항목: 원문 대조 검수 권장
